<xml xmlns:o="urn:schemas-microsoft-com:office:office">
 <o:MainFile HRef="../3DScanningtest.htm"/>
 <o:File HRef="item0001.xml"/>
 <o:File HRef="props002.xml"/>
 <o:File HRef="item0003.xml"/>
 <o:File HRef="props004.xml"/>
 <o:File HRef="item0005.xml"/>
 <o:File HRef="props006.xml"/>
 <o:File HRef="item0007.xml"/>
 <o:File HRef="props008.xml"/>
 <o:File HRef="item0009.xml"/>
 <o:File HRef="props010.xml"/>
 <o:File HRef="item0011.xml"/>
 <o:File HRef="props012.xml"/>
 <o:File HRef="themedata.thmx"/>
 <o:File HRef="colorschememapping.xml"/>
 <o:File HRef="image001.jpg"/>
 <o:File HRef="header.htm"/>
 <o:File HRef="filelist.xml"/>
</xml>