<?xml version="1.0" encoding="utf-8"?><ct:contentTypeSchema ct:_="" ma:_="" ma:contentTypeName="Document" ma:contentTypeID="0x0101008A1595DEAD5D5F43963965A57A662986" ma:contentTypeVersion="16" ma:contentTypeDescription="Create a new document." ma:contentTypeScope="" ma:versionID="f83beafca63f05ad412ffaa9b2ccbf9e" xmlns:ct="http://schemas.microsoft.com/office/2006/metadata/contentType" xmlns:ma="http://schemas.microsoft.com/office/2006/metadata/properties/metaAttributes">
<xsd:schema targetNamespace="http://schemas.microsoft.com/office/2006/metadata/properties" ma:root="true" ma:fieldsID="55d8db9e3d207a6e66262370f8d691a0" ns1:_="" ns2:_="" ns3:_="" ns4:_="" ns5:_="" xmlns:xsd="http://www.w3.org/2001/XMLSchema" xmlns:xs="http://www.w3.org/2001/XMLSchema" xmlns:p="http://schemas.microsoft.com/office/2006/metadata/properties" xmlns:ns1="http://schemas.microsoft.com/sharepoint/v3" xmlns:ns2="d6bcaff9-2fe6-46bf-a723-cdc3e0a4ac6c" xmlns:ns3="f65d231d-caa6-4c94-9dfd-524e1638f872" xmlns:ns4="aba23cb1-09c1-46ec-8009-97cfd649c66b" xmlns:ns5="7355bf8b-e618-4cf2-9d4e-2a208dd7c884">
<xsd:import namespace="http://schemas.microsoft.com/sharepoint/v3"/>
<xsd:import namespace="d6bcaff9-2fe6-46bf-a723-cdc3e0a4ac6c"/>
<xsd:import namespace="f65d231d-caa6-4c94-9dfd-524e1638f872"/>
<xsd:import namespace="aba23cb1-09c1-46ec-8009-97cfd649c66b"/>
<xsd:import namespace="7355bf8b-e618-4cf2-9d4e-2a208dd7c884"/>
<xsd:element name="properties">
<xsd:complexType>
<xsd:sequence>
<xsd:element name="documentManagement">
<xsd:complexType>
<xsd:all>
<xsd:element ref="ns2:_dlc_DocId" minOccurs="0"/>
<xsd:element ref="ns2:_dlc_DocIdUrl" minOccurs="0"/>
<xsd:element ref="ns2:_dlc_DocIdPersistId" minOccurs="0"/>
<xsd:element ref="ns3:Product" minOccurs="0"/>
<xsd:element ref="ns4:SharedWithUsers" minOccurs="0"/>
<xsd:element ref="ns4:SharedWithDetails" minOccurs="0"/>
<xsd:element ref="ns1:Language" minOccurs="0"/>
<xsd:element ref="ns5:MediaServiceMetadata" minOccurs="0"/>
<xsd:element ref="ns5:MediaServiceFastMetadata" minOccurs="0"/>
<xsd:element ref="ns5:SizeForecast" minOccurs="0"/>
<xsd:element ref="ns5:Country" minOccurs="0"/>
<xsd:element ref="ns5:SubRegions" minOccurs="0"/>
<xsd:element ref="ns5:Publication_x0020_Status" minOccurs="0"/>
<xsd:element ref="ns5:MediaServiceEventHashCode" minOccurs="0"/>
<xsd:element ref="ns5:MediaServiceGenerationTime" minOccurs="0"/>
</xsd:all>
</xsd:complexType>
</xsd:element>
</xsd:sequence>
</xsd:complexType>
</xsd:element>
</xsd:schema>
<xsd:schema targetNamespace="http://schemas.microsoft.com/sharepoint/v3" elementFormDefault="qualified" xmlns:xsd="http://www.w3.org/2001/XMLSchema" xmlns:xs="http://www.w3.org/2001/XMLSchema" xmlns:dms="http://schemas.microsoft.com/office/2006/documentManagement/types" xmlns:pc="http://schemas.microsoft.com/office/infopath/2007/PartnerControls">
<xsd:import namespace="http://schemas.microsoft.com/office/2006/documentManagement/types"/>
<xsd:import namespace="http://schemas.microsoft.com/office/infopath/2007/PartnerControls"/>
<xsd:element name="Language" ma:index="14" nillable="true" ma:displayName="Language" ma:default="English" ma:format="Dropdown" ma:internalName="Language">
<xsd:simpleType>
<xsd:union memberTypes="dms:Text">
<xsd:simpleType>
<xsd:restriction base="dms:Choice">
<xsd:enumeration value="English"/>
<xsd:enumeration value="Japanese"/>
<xsd:enumeration value="Chinese"/>
<xsd:enumeration value="Arabic (Saudi Arabia)"/>
<xsd:enumeration value="Bulgarian (Bulgaria)"/>
<xsd:enumeration value="Chinese (Hong Kong S.A.R.)"/>
<xsd:enumeration value="Chinese (Taiwan)"/>
<xsd:enumeration value="Croatian (Croatia)"/>
<xsd:enumeration value="Czech (Czech Republic)"/>
<xsd:enumeration value="Danish (Denmark)"/>
<xsd:enumeration value="Dutch (Netherlands)"/>
<xsd:enumeration value="Estonian (Estonia)"/>
<xsd:enumeration value="Finnish (Finland)"/>
<xsd:enumeration value="French (France)"/>
<xsd:enumeration value="German (Germany)"/>
<xsd:enumeration value="Greek (Greece)"/>
<xsd:enumeration value="Hebrew (Israel)"/>
<xsd:enumeration value="Hindi (India)"/>
<xsd:enumeration value="Hungarian (Hungary)"/>
<xsd:enumeration value="Indonesian (Indonesia)"/>
<xsd:enumeration value="Italian (Italy)"/>
<xsd:enumeration value="Korean (Korea)"/>
<xsd:enumeration value="Latvian (Latvia)"/>
<xsd:enumeration value="Lithuanian (Lithuania)"/>
<xsd:enumeration value="Malay (Malaysia)"/>
<xsd:enumeration value="Norwegian (Bokmal) (Norway)"/>
<xsd:enumeration value="Polish (Poland)"/>
<xsd:enumeration value="Portuguese (Brazil)"/>
<xsd:enumeration value="Portuguese (Portugal)"/>
<xsd:enumeration value="Romanian (Romania)"/>
<xsd:enumeration value="Russian (Russia)"/>
<xsd:enumeration value="Serbian (Latin) (Serbia)"/>
<xsd:enumeration value="Slovak (Slovakia)"/>
<xsd:enumeration value="Slovenian (Slovenia)"/>
<xsd:enumeration value="Spanish (Spain)"/>
<xsd:enumeration value="Swedish (Sweden)"/>
<xsd:enumeration value="Thai (Thailand)"/>
<xsd:enumeration value="Turkish (Turkey)"/>
<xsd:enumeration value="Ukrainian (Ukraine)"/>
<xsd:enumeration value="Urdu (Islamic Republic of Pakistan)"/>
<xsd:enumeration value="Vietnamese (Vietnam)"/>
</xsd:restriction>
</xsd:simpleType>
</xsd:union>
</xsd:simpleType>
</xsd:element>
</xsd:schema>
<xsd:schema targetNamespace="d6bcaff9-2fe6-46bf-a723-cdc3e0a4ac6c" elementFormDefault="qualified" xmlns:xsd="http://www.w3.org/2001/XMLSchema" xmlns:xs="http://www.w3.org/2001/XMLSchema" xmlns:dms="http://schemas.microsoft.com/office/2006/documentManagement/types" xmlns:pc="http://schemas.microsoft.com/office/infopath/2007/PartnerControls">
<xsd:import namespace="http://schemas.microsoft.com/office/2006/documentManagement/types"/>
<xsd:import namespace="http://schemas.microsoft.com/office/infopath/2007/PartnerControls"/>
<xsd:element name="_dlc_DocId" ma:index="8" nillable="true" ma:displayName="Document ID Value" ma:description="The value of the document ID assigned to this item." ma:internalName="_dlc_DocId" ma:readOnly="true">
<xsd:simpleType>
<xsd:restriction base="dms:Text"/>
</xsd:simpleType>
</xsd:element>
<xsd:element name="_dlc_DocIdUrl" ma:index="9" nillable="true" ma:displayName="Document ID" ma:description="Permanent link to this document." ma:hidden="true" ma:internalName="_dlc_DocIdUrl" ma:readOnly="true">
<xsd:complexType>
<xsd:complexContent>
<xsd:extension base="dms:URL">
<xsd:sequence>
<xsd:element name="Url" type="dms:ValidUrl" minOccurs="0" nillable="true"/>
<xsd:element name="Description" type="xsd:string" nillable="true"/>
</xsd:sequence>
</xsd:extension>
</xsd:complexContent>
</xsd:complexType>
</xsd:element>
<xsd:element name="_dlc_DocIdPersistId" ma:index="10" nillable="true" ma:displayName="Persist ID" ma:description="Keep ID on add." ma:hidden="true" ma:internalName="_dlc_DocIdPersistId" ma:readOnly="true">
<xsd:simpleType>
<xsd:restriction base="dms:Boolean"/>
</xsd:simpleType>
</xsd:element>
</xsd:schema>
<xsd:schema targetNamespace="f65d231d-caa6-4c94-9dfd-524e1638f872" elementFormDefault="qualified" xmlns:xsd="http://www.w3.org/2001/XMLSchema" xmlns:xs="http://www.w3.org/2001/XMLSchema" xmlns:dms="http://schemas.microsoft.com/office/2006/documentManagement/types" xmlns:pc="http://schemas.microsoft.com/office/infopath/2007/PartnerControls">
<xsd:import namespace="http://schemas.microsoft.com/office/2006/documentManagement/types"/>
<xsd:import namespace="http://schemas.microsoft.com/office/infopath/2007/PartnerControls"/>
<xsd:element name="Product" ma:index="11" nillable="true" ma:displayName="Product" ma:format="Dropdown" ma:internalName="Product">
<xsd:simpleType>
<xsd:restriction base="dms:Choice">
<xsd:enumeration value="Other Automation"/>
<xsd:enumeration value="High Power AC Drives"/>
</xsd:restriction>
</xsd:simpleType>
</xsd:element>
</xsd:schema>
<xsd:schema targetNamespace="aba23cb1-09c1-46ec-8009-97cfd649c66b" elementFormDefault="qualified" xmlns:xsd="http://www.w3.org/2001/XMLSchema" xmlns:xs="http://www.w3.org/2001/XMLSchema" xmlns:dms="http://schemas.microsoft.com/office/2006/documentManagement/types" xmlns:pc="http://schemas.microsoft.com/office/infopath/2007/PartnerControls">
<xsd:import namespace="http://schemas.microsoft.com/office/2006/documentManagement/types"/>
<xsd:import namespace="http://schemas.microsoft.com/office/infopath/2007/PartnerControls"/>
<xsd:element name="SharedWithUsers" ma:index="12" nillable="true" ma:displayName="Shared With" ma:description="" ma:internalName="SharedWithUsers" ma:readOnly="true">
<xsd:complexType>
<xsd:complexContent>
<xsd:extension base="dms:UserMulti">
<xsd:sequence>
<xsd:element name="UserInfo" minOccurs="0" maxOccurs="unbounded">
<xsd:complexType>
<xsd:sequence>
<xsd:element name="DisplayName" type="xsd:string" minOccurs="0"/>
<xsd:element name="AccountId" type="dms:UserId" minOccurs="0" nillable="true"/>
<xsd:element name="AccountType" type="xsd:string" minOccurs="0"/>
</xsd:sequence>
</xsd:complexType>
</xsd:element>
</xsd:sequence>
</xsd:extension>
</xsd:complexContent>
</xsd:complexType>
</xsd:element>
<xsd:element name="SharedWithDetails" ma:index="13" nillable="true" ma:displayName="Shared With Details" ma:description="" ma:internalName="SharedWithDetails" ma:readOnly="true">
<xsd:simpleType>
<xsd:restriction base="dms:Note">
<xsd:maxLength value="255"/>
</xsd:restriction>
</xsd:simpleType>
</xsd:element>
</xsd:schema>
<xsd:schema targetNamespace="7355bf8b-e618-4cf2-9d4e-2a208dd7c884" elementFormDefault="qualified" xmlns:xsd="http://www.w3.org/2001/XMLSchema" xmlns:xs="http://www.w3.org/2001/XMLSchema" xmlns:dms="http://schemas.microsoft.com/office/2006/documentManagement/types" xmlns:pc="http://schemas.microsoft.com/office/infopath/2007/PartnerControls">
<xsd:import namespace="http://schemas.microsoft.com/office/2006/documentManagement/types"/>
<xsd:import namespace="http://schemas.microsoft.com/office/infopath/2007/PartnerControls"/>
<xsd:element name="MediaServiceMetadata" ma:index="15" nillable="true" ma:displayName="MediaServiceMetadata" ma:description="" ma:hidden="true" ma:internalName="MediaServiceMetadata" ma:readOnly="true">
<xsd:simpleType>
<xsd:restriction base="dms:Note"/>
</xsd:simpleType>
</xsd:element>
<xsd:element name="MediaServiceFastMetadata" ma:index="16" nillable="true" ma:displayName="MediaServiceFastMetadata" ma:description="" ma:hidden="true" ma:internalName="MediaServiceFastMetadata" ma:readOnly="true">
<xsd:simpleType>
<xsd:restriction base="dms:Note"/>
</xsd:simpleType>
</xsd:element>
<xsd:element name="SizeForecast" ma:index="17" nillable="true" ma:displayName="SizeForecast" ma:default="Size/Forecast" ma:format="Dropdown" ma:internalName="SizeForecast">
<xsd:simpleType>
<xsd:restriction base="dms:Choice">
<xsd:enumeration value="Size/Forecast"/>
<xsd:enumeration value="Missing"/>
</xsd:restriction>
</xsd:simpleType>
</xsd:element>
<xsd:element name="Country" ma:index="18" nillable="true" ma:displayName="Country" ma:default="SubRegions" ma:format="Dropdown" ma:internalName="Country">
<xsd:simpleType>
<xsd:restriction base="dms:Choice">
<xsd:enumeration value="SubRegions"/>
<xsd:enumeration value="None"/>
</xsd:restriction>
</xsd:simpleType>
</xsd:element>
<xsd:element name="SubRegions" ma:index="19" nillable="true" ma:displayName="SubRegions" ma:default="Subregions" ma:format="Dropdown" ma:internalName="SubRegions">
<xsd:simpleType>
<xsd:restriction base="dms:Choice">
<xsd:enumeration value="Subregions"/>
<xsd:enumeration value="None"/>
</xsd:restriction>
</xsd:simpleType>
</xsd:element>
<xsd:element name="Publication_x0020_Status" ma:index="20" nillable="true" ma:displayName="Publication Status" ma:internalName="Publication_x0020_Status">
<xsd:simpleType>
<xsd:restriction base="dms:Text">
<xsd:maxLength value="255"/>
</xsd:restriction>
</xsd:simpleType>
</xsd:element>
<xsd:element name="MediaServiceEventHashCode" ma:index="21" nillable="true" ma:displayName="MediaServiceEventHashCode" ma:hidden="true" ma:internalName="MediaServiceEventHashCode" ma:readOnly="true">
<xsd:simpleType>
<xsd:restriction base="dms:Text"/>
</xsd:simpleType>
</xsd:element>
<xsd:element name="MediaServiceGenerationTime" ma:index="22" nillable="true" ma:displayName="MediaServiceGenerationTime" ma:hidden="true" ma:internalName="MediaServiceGenerationTime" ma:readOnly="true">
<xsd:simpleType>
<xsd:restriction base="dms:Text"/>
</xsd:simpleType>
</xsd:element>
</xsd:schema>
<xsd:schema targetNamespace="http://schemas.openxmlformats.org/package/2006/metadata/core-properties" elementFormDefault="qualified" attributeFormDefault="unqualified" blockDefault="#all" xmlns="http://schemas.openxmlformats.org/package/2006/metadata/core-properties" xmlns:xsd="http://www.w3.org/2001/XMLSchema" xmlns:xsi="http://www.w3.org/2001/XMLSchema-instance" xmlns:dc="http://purl.org/dc/elements/1.1/" xmlns:dcterms="http://purl.org/dc/terms/" xmlns:odoc="http://schemas.microsoft.com/internal/obd">
<xsd:import namespace="http://purl.org/dc/elements/1.1/" schemaLocation="http://dublincore.org/schemas/xmls/qdc/2003/04/02/dc.xsd"/>
<xsd:import namespace="http://purl.org/dc/terms/" schemaLocation="http://dublincore.org/schemas/xmls/qdc/2003/04/02/dcterms.xsd"/>
<xsd:element name="coreProperties" type="CT_coreProperties"/>
<xsd:complexType name="CT_coreProperties">
<xsd:all>
<xsd:element ref="dc:creator" minOccurs="0" maxOccurs="1"/>
<xsd:element ref="dcterms:created" minOccurs="0" maxOccurs="1"/>
<xsd:element ref="dc:identifier" minOccurs="0" maxOccurs="1"/>
<xsd:element name="contentType" minOccurs="0" maxOccurs="1" type="xsd:string" ma:index="0" ma:displayName="Content Type"/>
<xsd:element ref="dc:title" minOccurs="0" maxOccurs="1" ma:index="4" ma:displayName="Title"/>
<xsd:element ref="dc:subject" minOccurs="0" maxOccurs="1"/>
<xsd:element ref="dc:description" minOccurs="0" maxOccurs="1"/>
<xsd:element name="keywords" minOccurs="0" maxOccurs="1" type="xsd:string"/>
<xsd:element ref="dc:language" minOccurs="0" maxOccurs="1"/>
<xsd:element name="category" minOccurs="0" maxOccurs="1" type="xsd:string"/>
<xsd:element name="version" minOccurs="0" maxOccurs="1" type="xsd:string"/>
<xsd:element name="revision" minOccurs="0" maxOccurs="1" type="xsd:string">
<xsd:annotation>
<xsd:documentation>
                        This value indicates the number of saves or revisions. The application is responsible for updating this value after each revision.
                    </xsd:documentation>
</xsd:annotation>
</xsd:element>
<xsd:element name="lastModifiedBy" minOccurs="0" maxOccurs="1" type="xsd:string"/>
<xsd:element ref="dcterms:modified" minOccurs="0" maxOccurs="1"/>
<xsd:element name="contentStatus" minOccurs="0" maxOccurs="1" type="xsd:string"/>
</xsd:all>
</xsd:complexType>
</xsd:schema>
<xs:schema targetNamespace="http://schemas.microsoft.com/office/infopath/2007/PartnerControls" elementFormDefault="qualified" attributeFormDefault="unqualified" xmlns:pc="http://schemas.microsoft.com/office/infopath/2007/PartnerControls" xmlns:xs="http://www.w3.org/2001/XMLSchema">
<xs:element name="Person">
<xs:complexType>
<xs:sequence>
<xs:element ref="pc:DisplayName" minOccurs="0"></xs:element>
<xs:element ref="pc:AccountId" minOccurs="0"></xs:element>
<xs:element ref="pc:AccountType" minOccurs="0"></xs:element>
</xs:sequence>
</xs:complexType>
</xs:element>
<xs:element name="DisplayName" type="xs:string"></xs:element>
<xs:element name="AccountId" type="xs:string"></xs:element>
<xs:element name="AccountType" type="xs:string"></xs:element>
<xs:element name="BDCAssociatedEntity">
<xs:complexType>
<xs:sequence>
<xs:element ref="pc:BDCEntity" minOccurs="0" maxOccurs="unbounded"></xs:element>
</xs:sequence>
<xs:attribute ref="pc:EntityNamespace"></xs:attribute>
<xs:attribute ref="pc:EntityName"></xs:attribute>
<xs:attribute ref="pc:SystemInstanceName"></xs:attribute>
<xs:attribute ref="pc:AssociationName"></xs:attribute>
</xs:complexType>
</xs:element>
<xs:attribute name="EntityNamespace" type="xs:string"></xs:attribute>
<xs:attribute name="EntityName" type="xs:string"></xs:attribute>
<xs:attribute name="SystemInstanceName" type="xs:string"></xs:attribute>
<xs:attribute name="AssociationName" type="xs:string"></xs:attribute>
<xs:element name="BDCEntity">
<xs:complexType>
<xs:sequence>
<xs:element ref="pc:EntityDisplayName" minOccurs="0"></xs:element>
<xs:element ref="pc:EntityInstanceReference" minOccurs="0"></xs:element>
<xs:element ref="pc:EntityId1" minOccurs="0"></xs:element>
<xs:element ref="pc:EntityId2" minOccurs="0"></xs:element>
<xs:element ref="pc:EntityId3" minOccurs="0"></xs:element>
<xs:element ref="pc:EntityId4" minOccurs="0"></xs:element>
<xs:element ref="pc:EntityId5" minOccurs="0"></xs:element>
</xs:sequence>
</xs:complexType>
</xs:element>
<xs:element name="EntityDisplayName" type="xs:string"></xs:element>
<xs:element name="EntityInstanceReference" type="xs:string"></xs:element>
<xs:element name="EntityId1" type="xs:string"></xs:element>
<xs:element name="EntityId2" type="xs:string"></xs:element>
<xs:element name="EntityId3" type="xs:string"></xs:element>
<xs:element name="EntityId4" type="xs:string"></xs:element>
<xs:element name="EntityId5" type="xs:string"></xs:element>
<xs:element name="Terms">
<xs:complexType>
<xs:sequence>
<xs:element ref="pc:TermInfo" minOccurs="0" maxOccurs="unbounded"></xs:element>
</xs:sequence>
</xs:complexType>
</xs:element>
<xs:element name="TermInfo">
<xs:complexType>
<xs:sequence>
<xs:element ref="pc:TermName" minOccurs="0"></xs:element>
<xs:element ref="pc:TermId" minOccurs="0"></xs:element>
</xs:sequence>
</xs:complexType>
</xs:element>
<xs:element name="TermName" type="xs:string"></xs:element>
<xs:element name="TermId" type="xs:string"></xs:element>
</xs:schema>
</ct:contentTypeSchema>