<?xml version="1.0" encoding="utf-8"?><p:properties xmlns:p="http://schemas.microsoft.com/office/2006/metadata/properties" xmlns:xsi="http://www.w3.org/2001/XMLSchema-instance" xmlns:pc="http://schemas.microsoft.com/office/infopath/2007/PartnerControls"><documentManagement><Language xmlns="http://schemas.microsoft.com/sharepoint/v3">English</Language><Country xmlns="7355bf8b-e618-4cf2-9d4e-2a208dd7c884">SubRegions</Country><Product xmlns="f65d231d-caa6-4c94-9dfd-524e1638f872" xsi:nil="true"/><Publication_x0020_Status xmlns="7355bf8b-e618-4cf2-9d4e-2a208dd7c884" xsi:nil="true"/><SubRegions xmlns="7355bf8b-e618-4cf2-9d4e-2a208dd7c884">Subregions</SubRegions><SizeForecast xmlns="7355bf8b-e618-4cf2-9d4e-2a208dd7c884">Size/Forecast</SizeForecast><SharedWithUsers xmlns="aba23cb1-09c1-46ec-8009-97cfd649c66b"><UserInfo><DisplayName></DisplayName><AccountId xsi:nil="true"></AccountId><AccountType/></UserInfo></SharedWithUsers></documentManagement></p:properties>