<?xml version="1.0" encoding="UTF-8" standalone="no"?>
<ds:datastoreItem ds:itemID="{2E58452B-954F-4575-814E-BB2768920E48}" xmlns:ds="http://schemas.openxmlformats.org/officeDocument/2006/customXml"><ds:schemaRefs><ds:schemaRef ds:uri="http://schemas.microsoft.com/office/2006/metadata/properties"/><ds:schemaRef ds:uri="http://schemas.microsoft.com/office/infopath/2007/PartnerControls"/><ds:schemaRef ds:uri="http://schemas.microsoft.com/sharepoint/v3"/><ds:schemaRef ds:uri="7355bf8b-e618-4cf2-9d4e-2a208dd7c884"/><ds:schemaRef ds:uri="f65d231d-caa6-4c94-9dfd-524e1638f872"/><ds:schemaRef ds:uri="aba23cb1-09c1-46ec-8009-97cfd649c66b"/></ds:schemaRefs></ds:datastoreItem>